13GYJl3uCGqpTvSN9nCBBhFgvHvxd2Swy, nPczCjzI2devNBz1zQrb
1zwBP6-XVRArSd9HROZu9ys0cdU8Qt1mm, 29vD33N1CtxCmqQRPOHJ
1-5YCtH_Q71QFLb6za9cRBOZNVr0ZY633, 2EiwWnXFnvU5JabPnv8n
1-2OTj5ENeyT_p-ZqDGoc3eOCC1vSjg5X, 5Q0t7uMcjvnagumLfvZi
1-Un7hubsPlU2sp2QwDTC0EBDqCdxqR_q, CYw3kZ02Hs0563khs1Fj
1-CoBSqE2nJq5bCqLCTnRSUqKxtZpPTEv, D38z5RcWu1voky8WS1ja
1-2H2laHvlFOJmSvj5FyzoOQTkBWf2rxt, EXAVITQu4vr4xnSDxMaL
1-EbULlxhI5AHDA--o8tGJQtOm4CnjhZL, ErXwobaYiN019PkySvjV
1-Q6lR96uBdattS3LA-SqcmZMsmDztmvE, GBv7mTt0atIp3Br8iCZE
1-QCwp5YyomDAAcBz8gi2iy6IkQX1AuPL, IKne3meq5aSn9XLyUdCD
1-ePv2Y7vxkFR72mXaq5EI38PFx1PJx07, JBFqnCBsd6RMkjVDRZzb
1-KLATa5WWDnyaIzlkFA2HusaAiaOIlur, LcfcDJNUP1GQjkzn1xUU
1-bYVEhwq1aL5DS6_os_9aZKBIgEPEtkT, MF3mGyEYCl7XYWbV9V6O
1-cLx5N0V1PstOJ9O6MGdIMKr0_75jUdY, N2lVS1w4EtoT3dr4eOWO
10FREupuC1uUpPqhXbGnASrfpVQLx7tKR, ODq5zmih8GrVes37Dizd
1-catZnOFofrvWqQVsZc5zzKpq8U_tlWQ, oWAxZDx7w5VEj9dCyTzz
1-ihdzoePuo3Oa_PZfTRji75m_aCyi6Xx, onwK4e9ZLuTAKqWW03F9
1-yOj19CuUCnjbk-u489155iG1d1Ei7tz, pFZP5JQG7iQjIQuC4Bku
10UczBeUAY6bKYeC5H6AY7CwXbAX5abX3, pMsXgVXv3BLzUgSXRplE
1-v-ldzm2Mc8cCeB4w3RI8mpPXKojF2Za, pNInz6obpgDQGcFmaJgB
1-n0C54rK1_KY-3YSO6fZXLHO5ZNT0LTk, piTKgcLEGmPE4e6mEKli
10LLZParvYouO3xl6mZ4ssp5OXTYPpjzg, pqHfZKP75CvOlQylNhV4
10fxhS-phWaC_dJIQrc1D0DR6Y54sRRS7, t0jbNlBVZ17f02VDIeMI
10690hPcStjQEKq2hwLPX-Mxnv6C53-2N, yoZ06aMxZJJ28mfd3POQ
10AAZ5VzSJ0F13iaidGjjpzIV4EsdII45, z9fAnlkpzviPz146aGWa
1vvA6aiAkewriSlTzAmEBjtUtJvNsBoxg, 21m00Tcm4TlvDq8ikWAM
1v-14XQO_7mUC99vA8zUBpxQB9TpGXXVR, AZnzlk1XvdvUeBnXmlld